{
    "$schema": "https://schema.management.azure.com/schemas/2019-04-01/deploymentParameters.json#",
    "contentVersion": "1.0.0.0",
    "parameters": {
        "workbookDisplayName": {
            "value": "PagoNxt Cost Optimization"
        },
        "workbookType": {
            "value": "workbook"
        },
        "workbookSourceId": {
            "value": "/subscriptions/852da2bf-8517-4092-8294-2d0e55431ccb/resourcegroups/finops-dashboards/providers/microsoft.operationalinsights/workspaces/lgws-dashboards"
        },
        "workbookId": {
            "value": "67577d2b-c578-410a-9908-4d70d7ec98e1"
        }
    }
}