{
    "bindings": [
      {
        "name": "myQueueItem",
        "type": "queueTrigger",
        "direction": "in",
        "queueName": "costingestionpendingfiles",
        "connection": "stgcostexporttest_STORAGE"
      },
      {
        "name": "queueMessage",
        "queueName": "costingestionprocessedfiles",
        "connection": "stgcostexporttest_STORAGE",
        "direction": "out",
        "type": "queue"
      },
      {
        "name": "queueRecords",
        "direction": "out",
        "type": "queue",
        "connection": "stgcostexporttest_STORAGE",
        "queueName": "costingestionrecords"
      }
    ]
  }