{
    "bindings": [
      {
        "name": "myQueueItem",
        "queueName": "costingestionprocessedfiles",
        "connection": "stgcostexporttest_STORAGE",
        "direction": "in",
        "type": "queueTrigger"
      },
      {
        "name": "inputBlob",
        "direction": "in",
        "type": "blob",
        "path": "pendingfiles/{queueTrigger}",
        "connection": "stgcostexporttest_STORAGE"
      },
      {
        "name": "outputBlob",
        "direction": "out",
        "type": "blob",
        "path": "historicfiles/{queueTrigger}",
        "connection": "stgcostexporttest_STORAGE"
      },
      {
        "name": "outputBlobDelete",
        "direction": "inout",
        "type": "blob",
        "path": "pendingfiles/{queueTrigger}",
        "connection": "stgcostexporttest_STORAGE"
      }
    ]
  }